DATA,VENDAS,FDS,DS,DATA_FESTIVA,VESPERA_DATA_FESTIVA,POS_DATA_FESTIVA,DATA_NAO_FESTIVA,FERIADO,NAO_FERIADO,SEMANA_PAGAMENTO,SEMANA_DE_NAO_PAGAMENTO,BAIXA_TEMPORADA,ALTA_TEMPORADA,QTD_CONCORRENTES,PRECIPITACAO,TEMPERATURA,UMIDADE,VENDAS_MEDIA_TRIM,VENDAS_MEDIA_MES,VENDAS_STD_TRIM,VENDAS_STD_MES
2018-02-14,132,0,1,0,0,1,0,0,1,0,1,1,0,7,0.0,28.0,66.75,136,137,38,41
2018-02-15,149,0,1,0,0,1,0,0,1,0,1,1,0,7,0.0,28.6,61.5,136,137,38,41
2018-02-16,130,0,1,0,0,0,1,0,1,0,1,1,0,7,0.0,30.6,65.25,136,137,38,41
2018-02-17,174,1,0,0,0,0,1,0,1,0,1,1,0,7,0.0,31.5,65.75,136,137,38,41
2018-02-18,185,1,0,0,0,0,1,0,1,0,1,1,0,7,0.0,33.4,58.5,136,137,38,41
2018-02-19,121,0,1,0,0,0,1,0,1,0,1,1,0,7,0.0,29.0,75.25,136,137,38,41
2018-02-20,110,0,1,0,0,0,1,0,1,0,1,1,0,7,3.3,26.1,91.75,136,137,38,41
2018-02-21,105,0,1,0,0,0,1,0,1,0,1,1,0,7,27.0,29.2,82.75,136,137,38,41
2018-02-22,129,0,1,0,0,0,1,0,1,0,1,1,0,7,15.0,27.8,73.75,136,137,38,41
2018-02-23,143,0,1,0,0,0,1,0,1,0,1,1,0,7,0.0,28.8,73.5,136,137,38,41
2018-02-26,154,0,1,0,0,0,1,0,1,0,1,1,0,8,0.0,29.8,74.0,136,137,38,41
2018-02-27,161,0,1,0,0,0,1,0,1,0,1,1,0,8,0.0,30.5,85.25,136,137,38,41
2018-02-28,116,0,1,0,0,0,1,0,1,1,0,1,0,8,26.4,29.4,81.5,136,137,38,41
2018-03-01,116,0,1,0,0,0,1,0,1,0,1,0,1,8,0.0,31.0,82.5,136,122,38,33
2018-03-02,109,0,1,0,0,0,1,0,1,0,1,0,1,8,0.0,30.4,75.75,136,137,38,41
2018-03-03,124,1,0,0,0,0,1,0,1,0,1,0,1,8,0.0,29.8,74.0,136,139,38,36
2018-03-04,139,1,0,0,0,0,1,0,1,0,1,0,1,8,0.0,32.8,80.25,137,129,24,21
2018-03-05,107,0,1,0,0,0,1,0,1,1,0,0,1,8,8.2,31.5,79.5,137,138,24,29
2018-03-06,116,0,1,0,0,0,1,0,1,1,0,0,1,8,0.0,28.2,85.0,137,144,24,20
2018-03-07,139,0,1,0,0,0,1,0,1,1,0,0,1,8,0.7,26.7,63.0,134,130,23,21
2018-03-08,150,0,1,0,0,0,1,0,1,1,0,0,1,8,0.0,28.1,69.0,134,134,23,24
2018-03-09,168,0,1,0,0,0,1,0,1,1,0,0,1,8,0.0,27.8,76.75,134,141,23,23
2018-03-10,131,1,0,0,0,0,1,0,1,1,0,0,1,8,0.0,33.3,70.75,133,129,46,31
2018-03-11,146,1,0,0,0,0,1,0,1,0,1,0,1,8,0.0,34.7,63.25,133,134,46,29
2018-03-12,139,0,1,0,0,0,1,0,1,0,1,0,1,8,7.5,25.4,63.75,133,135,46,68
2018-03-13,155,0,1,0,0,0,1,0,1,0,1,0,1,8,0.0,28.8,58.0,136,139,38,36
2018-03-14,186,0,1,0,0,0,1,0,1,0,1,0,1,8,0.0,32.6,61.5,136,139,38,36
2018-03-15,120,0,1,0,0,0,1,0,1,0,1,0,1,8,33.3,27.3,79.25,136,139,38,36
2018-03-16,133,0,1,0,0,0,1,0,1,0,1,0,1,8,1.9,27.3,65.75,136,139,38,36
2018-03-17,179,1,0,0,0,0,1,0,1,0,1,0,1,8,0.0,33.0,72.75,136,139,38,36
2018-03-18,165,1,0,0,0,0,1,0,1,0,1,0,1,8,0.0,36.4,63.75,136,139,38,36
2018-03-19,149,0,1,0,0,0,1,0,1,0,1,0,1,8,7.5,29.0,74.0,136,139,38,36
2018-03-20,155,0,1,0,0,0,1,0,1,0,1,0,1,8,4.4,22.6,84.0,136,139,38,36
2018-03-21,160,0,1,0,0,0,1,0,1,0,1,0,1,8,2.0,24.8,76.0,136,139,38,36
2018-03-22,178,0,1,0,0,0,1,0,1,0,1,0,1,8,0.0,26.0,63.75,136,139,38,36
2018-03-23,149,0,1,0,0,0,1,0,1,0,1,0,1,8,0.0,33.1,70.0,136,139,38,36
2018-03-24,188,1,0,0,0,0,1,0,1,0,1,0,1,8,0.0,29.2,91.25,136,139,38,36
2018-03-25,174,1,0,0,0,0,1,0,1,0,1,0,1,8,26.9,24.1,78.5,136,139,38,36
2018-03-26,166,0,1,0,0,0,1,0,1,0,1,0,1,8,3.2,22.8,87.0,136,139,38,36
2018-03-27,130,0,1,0,0,0,1,0,1,0,1,0,1,8,0.6,22.9,89.75,136,139,38,36
2018-03-28,139,0,1,0,0,0,1,0,1,1,0,0,1,8,0.8,27.1,88.0,136,139,38,36
2018-03-29,120,0,1,0,0,0,1,0,1,1,0,0,1,8,0.0,26.9,88.5,136,139,38,36
2018-03-31,108,1,0,0,0,0,1,0,1,1,0,0,1,8,0.0,24.4,94.5,136,139,38,36
2018-04-01,129,1,0,0,0,0,1,0,1,0,1,0,1,8,18.6,26.0,91.25,136,122,38,33
2018-04-02,139,0,1,0,0,0,1,0,1,0,1,0,1,8,6.4,23.4,90.75,136,137,38,41
2018-04-03,145,0,1,0,0,0,1,0,1,0,1,0,1,8,22.8,26.8,84.25,136,139,38,36
2018-04-04,159,0,1,0,0,0,1,0,1,0,1,0,1,8,1.4,27.2,87.0,137,129,24,21
2018-04-05,166,0,1,0,0,0,1,0,1,1,0,0,1,8,0.2,27.8,79.75,137,138,24,29
2018-04-06,175,0,1,0,0,0,1,0,1,1,0,0,1,8,0.0,28.8,81.0,137,144,24,20
2018-04-07,153,1,0,0,0,0,1,0,1,1,0,0,1,8,0.0,30.4,74.0,134,130,23,21
2018-04-08,111,1,0,0,0,0,1,0,1,1,0,0,1,8,0.0,30.0,78.25,134,134,23,24
2018-04-09,139,0,1,0,0,0,1,0,1,1,0,0,1,8,0.0,31.5,76.0,134,141,23,23
2018-04-10,140,0,1,0,0,0,1,0,1,1,0,0,1,8,0.0,31.9,72.25,133,129,46,31
2018-04-11,125,0,1,0,0,0,1,0,1,0,1,0,1,8,0.0,33.9,64.75,133,134,46,29
2018-04-12,138,0,1,0,0,0,1,0,1,0,1,0,1,8,0.0,33.7,61.25,133,135,46,68
2018-04-13,144,0,1,0,0,0,1,0,1,0,1,0,1,8,5.4,27.6,83.75,137,129,24,21
2018-04-14,121,1,0,0,0,0,1,0,1,0,1,0,1,8,0.2,22.2,75.75,137,129,24,21
2018-04-15,106,1,0,0,0,0,1,0,1,0,1,0,1,8,0.0,26.0,73.25,137,129,24,21
2018-04-16,134,0,1,0,0,0,1,0,1,0,1,0,1,8,0.0,26.6,69.25,137,129,24,21
2018-04-17,161,0,1,0,0,0,1,0,1,0,1,0,1,8,0.0,28.4,70.5,137,129,24,21
2018-04-18,130,0,1,0,0,0,1,0,1,0,1,0,1,8,0.0,29.8,64.5,137,129,24,21
2018-04-19,145,0,1,0,0,0,1,0,1,0,1,0,1,8,0.0,31.0,67.25,137,129,24,21
2018-04-20,158,0,1,0,0,0,1,0,1,0,1,0,1,8,0.0,32.1,64.25,137,129,24,21
2018-04-21,86,1,0,0,0,0,1,1,0,0,1,0,1,8,20.2,25.7,91.0,137,129,24,21
2018-04-22,99,1,0,0,0,0,1,0,1,0,1,0,1,8,7.5,30.2,79.75,137,129,24,21
2018-04-23,116,0,1,0,0,0,1,0,1,0,1,0,1,8,0.0,30.9,75.0,137,129,24,21
2018-04-24,140,0,1,0,0,0,1,0,1,0,1,0,1,8,0.0,28.5,84.25,137,129,24,21
2018-04-25,131,0,1,0,0,0,1,0,1,0,1,0,1,8,0.0,30.5,78.25,137,129,24,21
2018-04-26,147,0,1,0,0,0,1,0,1,0,1,0,1,8,0.0,28.0,87.5,137,129,24,21
2018-04-27,128,0,1,0,0,0,1,0,1,0,1,0,1,8,0.0,29.0,78.5,137,129,24,21
2018-04-28,99,1,0,0,0,0,1,0,1,1,0,0,1,8,0.0,31.9,72.25,137,129,24,21
2018-04-29,105,1,0,0,0,0,1,0,1,1,0,0,1,8,0.0,31.6,74.25,137,129,24,21
2018-04-30,98,0,1,0,0,0,1,1,0,1,0,0,1,8,20.6,27.2,82.25,137,129,24,21
2018-05-01,79,0,1,0,0,0,1,1,0,0,1,0,1,8,2.6,22.9,92.5,136,122,38,33
2018-05-02,121,0,1,0,0,0,1,0,1,0,1,0,1,8,3.3,24.6,81.0,136,137,38,41
2018-05-03,110,0,1,0,0,0,1,0,1,0,1,0,1,8,0.0,25.2,83.25,136,139,38,36
2018-05-04,140,0,1,0,0,0,1,0,1,0,1,0,1,8,0.0,26.4,84.5,137,129,24,21
2018-05-05,166,1,0,0,0,0,1,0,1,1,0,0,1,8,0.2,25.9,85.75,137,138,24,29
2018-05-06,159,1,0,0,0,0,1,0,1,1,0,0,1,8,0.0,24.9,82.75,137,144,24,20
2018-05-07,149,0,1,0,0,0,1,0,1,1,0,0,1,8,0.0,24.5,80.0,134,130,23,21
2018-05-08,160,0,1,0,0,0,1,0,1,1,0,0,1,8,0.0,27.4,75.75,134,134,23,24
2018-05-09,189,0,1,0,1,0,0,0,1,1,0,0,1,8,0.0,27.3,71.0,134,141,23,23
2018-05-14,140,0,1,0,0,1,0,0,1,0,1,0,1,8,0.0,26.2,76.5,137,138,24,29
2018-05-15,127,0,1,0,0,1,0,0,1,0,1,0,1,8,0.0,20.7,82.5,137,138,24,29
2018-05-16,109,0,1,0,0,0,1,0,1,0,1,0,1,8,0.6,21.4,60.75,137,138,24,29
2018-05-17,116,0,1,0,0,0,1,0,1,0,1,0,1,8,0.0,21.3,73.25,137,138,24,29
2018-05-18,129,0,1,0,0,0,1,0,1,0,1,0,1,8,28.0,16.8,95.0,137,138,24,29
2018-05-19,144,1,0,0,0,0,1,0,1,0,1,0,1,8,8.7,15.7,94.5,137,138,24,29
2018-05-20,136,1,0,0,0,0,1,0,1,0,1,0,1,8,35.1,15.4,84.75,137,138,24,29
2018-05-21,110,0,1,0,0,0,1,0,1,0,1,0,1,8,0.1,18.8,83.0,137,138,24,29
2018-05-22,139,0,1,0,0,0,1,0,1,0,1,0,1,8,0.0,18.6,77.75,137,138,24,29
2018-05-23,155,0,1,0,0,0,1,0,1,0,1,0,1,8,0.0,17.4,80.0,137,138,24,29
2018-05-24,126,0,1,0,0,0,1,0,1,0,1,0,1,8,0.0,18.8,75.75,137,138,24,29
2018-05-25,181,0,1,0,0,0,1,0,1,0,1,0,1,8,0.0,20.9,78.0,137,138,24,29
2018-05-26,141,1,0,0,0,0,1,0,1,0,1,0,1,9,0.0,25.5,81.5,137,138,24,29
2018-05-27,127,1,0,0,0,0,1,0,1,0,1,0,1,9,0.0,27.6,79.5,137,138,24,29
2018-05-28,137,0,1,0,0,0,1,0,1,1,0,0,1,9,0.0,29.7,78.25,137,138,24,29
2018-05-29,108,0,1,0,0,0,1,0,1,1,0,0,1,9,0.0,27.8,63.25,137,138,24,29
2018-05-30,124,0,1,0,0,0,1,0,1,1,0,0,1,9,0.0,28.0,69.5,137,138,24,29
2018-05-31,89,0,1,0,0,0,1,1,0,1,0,0,1,9,0.0,24.9,83.75,137,138,24,29
2018-06-01,106,0,1,0,0,0,1,1,0,0,1,0,1,9,0.7,23.0,93.5,136,122,38,33
2018-06-02,139,1,0,0,0,0,1,0,1,0,1,0,1,9,18.8,18.1,75.75,136,137,38,41
2018-06-03,163,1,0,0,0,0,1,0,1,0,1,0,1,9,0.0,15.0,87.25,136,139,38,36
2018-06-04,149,0,1,0,0,0,1,0,1,0,1,0,1,9,0.0,19.8,79.25,137,129,24,21
2018-06-05,161,0,1,0,0,0,1,0,1,1,0,0,1,9,3.8,16.2,80.75,137,138,24,29
2018-06-06,139,0,1,0,0,0,1,0,1,1,0,0,1,9,8.4,16.0,80.5,137,144,24,20
2018-06-07,150,0,1,0,0,0,1,0,1,1,0,0,1,9,0.2,16.2,70.5,134,130,23,21
2018-06-08,144,0,1,0,0,0,1,0,1,1,0,0,1,9,0.0,17.0,79.25,134,134,23,24
2018-06-09,166,1,0,0,0,0,1,0,1,1,0,0,1,9,0.0,22.6,66.25,134,141,23,23
2018-06-10,186,1,0,0,0,0,1,0,1,1,0,0,1,9,5.9,21.2,86.5,133,129,46,31
2018-06-11,155,0,1,0,0,0,1,0,1,0,1,0,1,9,6.7,29.0,76.75,133,134,46,29
2018-06-12,139,0,1,0,0,0,1,0,1,0,1,0,1,9,36.4,23.0,93.5,133,135,46,68
2018-06-13,167,0,1,0,0,0,1,0,1,0,1,0,1,9,5.6,16.4,64.75,137,144,24,20
2018-06-14,175,0,1,0,0,0,1,0,1,0,1,0,1,9,0.0,13.2,74.25,137,144,24,20
2018-06-15,147,0,1,0,0,0,1,0,1,0,1,0,1,9,0.0,12.3,79.0,137,144,24,20
2018-06-16,129,1,0,0,0,0,1,0,1,0,1,0,1,9,0.0,13.4,77.5,137,144,24,20
2018-06-17,177,1,0,0,0,0,1,0,1,0,1,0,1,9,0.0,15.4,80.5,137,144,24,20
2018-06-18,149,0,1,0,0,0,1,0,1,0,1,0,1,9,0.0,19.0,85.75,137,144,24,20
2018-06-19,138,0,1,0,0,0,1,0,1,0,1,0,1,9,0.2,20.7,85.5,137,144,24,20
2018-06-20,140,0,1,0,0,0,1,0,1,0,1,0,1,9,0.1,24.8,83.5,137,144,24,20
2018-06-21,138,0,1,0,0,0,1,0,1,0,1,0,1,9,0.0,27.6,83.25,137,144,24,20
2018-06-22,155,0,1,0,0,0,1,0,1,0,1,0,1,9,3.2,19.4,72.5,137,144,24,20
2018-06-23,149,1,0,0,0,0,1,0,1,0,1,0,1,9,0.0,26.0,83.75,137,144,24,20
2018-06-24,179,1,0,0,0,0,1,0,1,0,1,0,1,9,23.4,15.1,84.25,137,144,24,20
2018-06-25,148,0,1,0,0,0,1,0,1,0,1,0,1,9,13.2,12.7,95.25,137,144,24,20
2018-06-26,129,0,1,0,0,0,1,0,1,0,1,0,1,9,5.6,15.6,87.0,137,144,24,20
2018-06-27,116,0,1,0,0,0,1,0,1,0,1,0,1,9,0.1,18.1,91.25,137,144,24,20
2018-06-28,146,0,1,0,0,0,1,0,1,1,0,0,1,9,0.0,17.1,96.5,137,144,24,20
2018-06-29,139,0,1,0,0,0,1,0,1,1,0,0,1,9,7.5,18.4,96.25,137,144,24,20
2018-06-30,177,1,0,0,0,0,1,0,1,1,0,0,1,9,10.0,18.2,91.5,137,144,24,20
2018-07-01,195,1,0,0,0,0,1,0,1,0,1,0,1,9,0.0,23.3,83.75,136,122,38,33
2018-07-02,149,0,1,0,0,0,1,0,1,0,1,0,1,9,0.0,19.4,94.0,136,137,38,41
2018-07-03,131,0,1,0,0,0,1,0,1,0,1,0,1,9,22.6,15.4,76.25,136,139,38,36
2018-07-04,157,0,1,0,0,0,1,0,1,0,1,0,1,9,0.0,13.1,87.0,137,129,24,21
2018-07-05,170,0,1,0,0,0,1,0,1,1,0,0,1,9,8.4,13.2,95.75,137,138,24,29
2018-07-06,145,0,1,0,0,0,1,0,1,1,0,0,1,9,0.8,16.0,93.25,137,144,24,20
2018-07-07,163,1,0,0,0,0,1,0,1,1,0,0,1,9,0.5,21.9,88.25,134,130,23,21
2018-07-08,188,1,0,0,0,0,1,0,1,1,0,0,1,9,0.9,18.2,80.25,134,134,23,24
2018-07-09,161,0,1,0,0,0,1,0,1,1,0,0,1,9,11.4,12.8,95.5,134,141,23,23
2018-07-10,149,0,1,0,0,0,1,0,1,1,0,0,1,9,17.0,16.2,89.5,133,129,46,31
2018-07-11,130,0,1,0,0,0,1,0,1,0,1,0,1,9,0.0,17.1,86.25,133,134,46,29
2018-07-12,114,0,1,0,0,0,1,0,1,0,1,0,1,9,0.0,18.2,83.25,133,135,46,68
2018-07-13,129,0,1,0,0,0,1,0,1,0,1,0,1,9,0.0,20.2,81.75,134,130,23,21
2018-07-14,138,1,0,0,0,0,1,0,1,0,1,0,1,9,0.0,26.4,75.75,134,130,23,21
2018-07-15,164,1,0,0,0,0,1,0,1,0,1,0,1,9,0.0,29.4,72.75,134,130,23,21
2018-07-16,139,0,1,0,0,0,1,0,1,0,1,0,1,9,4.4,20.7,93.75,134,130,23,21
2018-07-17,110,0,1,0,0,0,1,0,1,0,1,0,1,9,16.5,18.6,97.0,134,130,23,21
2018-07-18,101,0,1,0,0,0,1,0,1,0,1,0,1,9,45.5,27.7,83.75,134,130,23,21
2018-07-19,133,0,1,0,0,0,1,0,1,0,1,0,1,9,0.0,30.5,69.75,134,130,23,21
2018-07-20,109,0,1,0,0,0,1,0,1,0,1,0,1,9,0.0,29.2,81.25,134,130,23,21
2018-07-21,139,1,0,0,0,0,1,0,1,0,1,0,1,9,14.5,15.2,59.75,134,130,23,21
2018-07-22,155,1,0,0,0,0,1,0,1,0,1,0,1,9,0.0,19.6,79.0,134,130,23,21
2018-07-23,129,0,1,0,0,0,1,0,1,0,1,0,1,9,0.0,16.3,84.25,134,130,23,21
2018-07-24,115,0,1,0,0,0,1,0,1,0,1,0,1,9,8.3,14.7,92.75,134,130,23,21
2018-07-25,133,0,1,0,0,0,1,0,1,0,1,0,1,9,18.2,15.5,94.0,134,130,23,21
2018-07-26,90,0,1,0,0,0,1,0,1,0,1,0,1,9,13.4,20.4,91.5,134,130,23,21
2018-07-27,81,0,1,0,0,0,1,0,1,0,1,0,1,9,2.0,18.3,83.0,134,130,23,21
2018-07-28,104,1,0,0,0,0,1,0,1,1,0,0,1,9,0.0,17.5,95.25,134,130,23,21
2018-07-29,155,1,0,0,0,0,1,0,1,1,0,0,1,9,2.1,17.8,66.75,134,130,23,21
2018-07-30,133,0,1,0,0,0,1,0,1,1,0,0,1,9,0.0,18.4,79.0,134,130,23,21
2018-07-31,125,0,1,0,0,0,1,0,1,1,0,0,1,9,0.0,17.2,75.75,134,130,23,21
2018-08-01,149,0,1,0,0,0,1,0,1,0,1,0,1,9,0.0,15.6,74.5,136,122,38,33
2018-08-02,120,0,1,0,0,0,1,0,1,0,1,0,1,9,0.0,21.6,76.0,136,137,38,41
2018-08-03,151,0,1,0,0,0,1,0,1,0,1,0,1,9,0.0,24.5,81.25,136,139,38,36
2018-08-04,123,1,0,0,0,0,1,0,1,0,1,0,1,9,0.0,22.6,75.25,137,129,24,21
2018-08-05,177,1,0,0,0,0,1,0,1,1,0,0,1,9,0.0,18.3,76.25,137,138,24,29
2018-08-06,144,0,1,0,0,0,1,0,1,1,0,0,1,9,0.0,19.9,75.75,137,144,24,20
2018-08-07,99,0,1,0,0,0,1,0,1,1,0,0,1,9,0.0,24.0,69.25,134,130,23,21
2018-08-08,164,0,1,0,1,0,0,0,1,1,0,0,1,9,0.0,17.3,92.25,134,134,23,24
2018-08-09,154,0,1,0,1,0,0,0,1,1,0,0,1,9,6.0,15.4,88.25,134,141,23,23
2018-08-10,186,0,1,0,1,0,0,0,1,1,0,0,1,9,5.2,11.1,77.5,133,129,46,31
2018-08-11,170,1,0,0,1,0,0,0,1,0,1,0,1,9,1.9,14.6,94.75,133,134,46,29
2018-08-12,153,1,0,1,0,0,0,0,1,0,1,0,1,9,1.8,20.3,87.0,133,135,46,68
2018-08-13,139,0,1,0,0,1,0,0,1,0,1,0,1,9,0.0,24.0,80.75,134,134,23,24
2018-08-14,106,0,1,0,0,1,0,0,1,0,1,0,1,9,0.1,24.8,77.5,134,134,23,24
2018-08-15,131,0,1,0,0,0,1,0,1,0,1,0,1,9,0.0,17.1,79.0,134,134,23,24
2018-08-16,121,0,1,0,0,0,1,0,1,0,1,0,1,9,0.0,20.4,78.75,134,134,23,24
2018-08-17,149,0,1,0,0,0,1,0,1,0,1,0,1,9,0.0,24.8,72.5,134,134,23,24
2018-08-18,155,1,0,0,0,0,1,0,1,0,1,0,1,9,0.0,25.7,66.5,134,134,23,24
2018-08-19,188,1,0,0,0,0,1,0,1,0,1,0,1,9,0.0,26.6,80.0,134,134,23,24
2018-08-20,141,0,1,0,0,0,1,0,1,0,1,0,1,10,10.6,14.1,91.5,134,134,23,24
2018-08-21,109,0,1,0,0,0,1,0,1,0,1,0,1,10,16.1,13.6,82.5,134,134,23,24
2018-08-22,121,0,1,0,0,0,1,0,1,0,1,0,1,10,7.6,14.6,90.75,134,134,23,24
2018-08-23,144,0,1,0,0,0,1,0,1,0,1,0,1,10,4.0,20.8,72.5,134,134,23,24
2018-08-24,130,0,1,0,0,0,1,0,1,0,1,0,1,10,6.2,21.6,94.5,134,134,23,24
2018-08-25,112,1,0,0,0,0,1,0,1,0,1,0,1,10,19.6,16.6,61.5,134,134,23,24
2018-08-26,134,1,0,0,0,0,1,0,1,0,1,0,1,10,0.0,15.3,56.5,134,134,23,24
2018-08-27,163,0,1,0,0,0,1,0,1,0,1,0,1,10,0.0,21.8,66.5,134,134,23,24
2018-08-28,132,0,1,0,0,0,1,0,1,1,0,0,1,10,0.1,24.1,72.0,134,134,23,24
2018-08-29,119,0,1,0,0,0,1,0,1,1,0,0,1,10,0.0,29.4,61.0,134,134,23,24
2018-08-30,124,0,1,0,0,0,1,0,1,1,0,0,1,10,0.0,23.4,85.75,134,134,23,24
2018-08-31,91,0,1,0,0,0,1,0,1,1,0,0,1,10,43.8,18.5,97.0,134,134,23,24
2018-09-01,104,1,0,0,0,0,1,0,1,0,1,0,1,10,23.2,18.4,96.5,136,122,38,33
2018-09-02,111,1,0,0,0,0,1,0,1,0,1,0,1,10,47.5,20.2,92.75,136,137,38,41
2018-09-03,103,0,1,0,0,0,1,0,1,0,1,0,1,10,6.5,17.8,91.25,136,139,38,36
2018-09-04,134,0,1,0,0,0,1,0,1,0,1,0,1,10,3.5,20.2,84.0,137,129,24,21
2018-09-05,119,0,1,0,0,0,1,0,1,1,0,0,1,10,0.0,22.2,73.0,137,138,24,29
2018-09-06,106,0,1,0,0,0,1,0,1,1,0,0,1,10,0.0,26.4,61.25,137,144,24,20
2018-09-07,129,0,1,0,0,0,1,1,0,1,0,0,1,10,0.0,27.2,60.5,134,130,23,21
2018-09-08,113,1,0,0,0,0,1,0,1,1,0,0,1,10,0.0,24.7,72.25,134,134,23,24
2018-09-09,155,1,0,0,0,0,1,0,1,1,0,0,1,10,0.0,23.8,78.25,134,141,23,23
2018-09-10,136,0,1,0,0,0,1,0,1,1,0,0,1,10,0.0,22.8,75.25,133,129,46,31
2018-09-11,104,0,1,0,0,0,1,0,1,0,1,0,1,10,0.0,20.6,77.75,133,134,46,29
2018-09-12,129,0,1,0,0,0,1,0,1,0,1,0,1,10,0.0,24.1,74.75,133,135,46,68
2018-09-13,109,0,1,0,0,0,1,0,1,0,1,0,1,10,0.0,26.6,70.75,134,141,23,23
2018-09-14,128,0,1,0,0,0,1,0,1,0,1,0,1,10,5.8,20.4,94.25,134,141,23,23
2018-09-15,159,1,0,0,0,0,1,0,1,0,1,0,1,10,8.3,22.6,82.25,134,141,23,23
2018-09-16,177,1,0,0,0,0,1,0,1,0,1,0,1,10,3.6,24.2,74.25,134,141,23,23
2018-09-17,130,0,1,0,0,0,1,0,1,0,1,0,1,10,0.0,24.4,82.25,134,141,23,23
2018-09-18,152,0,1,0,0,0,1,0,1,0,1,0,1,10,0.0,24.8,77.5,134,141,23,23
2018-09-19,105,0,1,0,0,0,1,0,1,0,1,0,1,10,0.0,29.2,70.25,134,141,23,23
2018-09-20,129,0,1,0,0,0,1,0,1,0,1,0,1,10,0.0,22.0,71.75,134,141,23,23
2018-09-21,115,0,1,0,0,0,1,0,1,0,1,0,1,10,0.1,27.2,80.25,134,141,23,23
2018-09-22,148,1,0,0,0,0,1,0,1,0,1,0,1,10,0.0,33.4,64.5,134,141,23,23
2018-09-23,109,1,0,0,0,0,1,0,1,0,1,0,1,10,5.7,25.5,95.0,134,141,23,23
2018-09-24,130,0,1,0,0,0,1,0,1,0,1,0,1,10,50.7,22.6,91.25,134,141,23,23
2018-09-25,123,0,1,0,0,0,1,0,1,0,1,0,1,10,2.9,21.7,91.5,134,141,23,23
2018-09-26,109,0,1,0,0,0,1,0,1,0,1,0,1,10,7.7,26.6,80.0,134,141,23,23
2018-09-27,143,0,1,0,0,0,1,0,1,0,1,0,1,10,0.0,24.4,80.5,134,141,23,23
2018-09-28,129,0,1,0,0,0,1,0,1,1,0,0,1,10,0.1,26.0,84.25,134,141,23,23
2018-09-29,151,1,0,0,0,0,1,0,1,1,0,0,1,10,0.0,32.3,73.25,134,141,23,23
2018-09-30,166,1,0,0,0,0,1,0,1,1,0,0,1,10,2.4,25.2,81.75,134,141,23,23
2018-10-01,131,0,1,0,0,0,1,0,1,0,1,0,1,10,0.0,26.4,87.5,136,122,38,33
2018-10-02,155,0,1,0,0,0,1,0,1,0,1,0,1,10,35.0,20.4,93.5,136,137,38,41
2018-10-03,148,0,1,0,0,0,1,0,1,0,1,0,1,10,6.4,19.4,88.75,136,139,38,36
2018-10-04,104,0,1,0,0,0,1,0,1,0,1,0,1,10,1.1,24.0,63.0,137,129,24,21
2018-10-05,121,0,1,0,0,0,1,0,1,1,0,0,1,10,0.0,22.2,61.25,137,138,24,29
2018-10-06,132,1,0,0,0,0,1,0,1,1,0,0,1,10,0.0,22.2,65.25,137,144,24,20
2018-10-07,122,1,0,0,0,0,1,0,1,1,0,0,1,10,0.0,28.3,70.5,134,130,23,21
2018-10-08,109,0,1,0,0,0,1,0,1,1,0,0,1,10,0.0,31.3,71.25,134,134,23,24
2018-10-09,128,0,1,0,0,0,1,0,1,1,0,0,1,10,0.0,28.5,82.75,134,141,23,23
2018-10-10,100,0,1,0,0,0,1,0,1,1,0,0,1,10,0.9,24.2,75.0,133,129,46,31
2018-10-11,89,0,1,0,0,0,1,0,1,0,1,0,1,10,0.0,23.1,66.0,133,134,46,29
2018-10-13,88,1,0,0,0,0,1,0,1,0,1,0,1,10,4.5,22.5,81.0,133,129,46,31
2018-10-14,73,1,0,0,0,0,1,0,1,0,1,0,1,10,0.2,23.6,76.5,133,129,46,31
2018-10-15,104,0,1,0,0,0,1,0,1,0,1,0,1,10,0.0,27.5,72.5,133,129,46,31
2018-10-16,111,0,1,0,0,0,1,0,1,0,1,0,1,10,0.0,30.3,70.0,133,129,46,31
2018-10-17,125,0,1,0,0,0,1,0,1,0,1,0,1,10,0.0,30.8,71.0,133,129,46,31
2018-10-18,101,0,1,0,0,0,1,0,1,0,1,0,1,10,0.0,27.2,81.0,133,129,46,31
2018-10-19,153,0,1,0,0,0,1,0,1,0,1,0,1,10,0.0,25.7,67.5,133,129,46,31
2018-10-20,131,1,0,0,0,0,1,0,1,0,1,0,1,10,0.0,23.0,63.0,133,129,46,31
2018-10-21,121,1,0,0,0,0,1,0,1,0,1,0,1,10,0.0,25.4,65.5,133,129,46,31
2018-10-22,141,0,1,0,0,0,1,0,1,0,1,0,1,10,0.0,30.3,62.0,133,129,46,31
2018-10-23,144,0,1,0,0,0,1,0,1,0,1,0,1,10,0.0,25.2,70.25,133,129,46,31
2018-10-24,163,0,1,0,0,0,1,0,1,0,1,0,1,10,0.0,24.1,67.75,133,129,46,31
2018-10-25,104,0,1,0,0,0,1,0,1,0,1,0,1,10,0.0,28.6,72.0,133,129,46,31
2018-10-26,130,0,1,0,0,0,1,0,1,0,1,0,1,10,0.0,27.8,84.5,133,129,46,31
2018-10-27,128,1,0,0,0,0,1,0,1,0,1,0,1,10,18.5,23.5,78.75,133,129,46,31
2018-10-28,116,1,0,0,0,0,1,0,1,1,0,0,1,10,0.9,24.4,68.25,133,129,46,31
2018-10-29,104,0,1,0,0,0,1,0,1,1,0,0,1,10,0.0,26.6,69.0,133,129,46,31
2018-10-30,129,0,1,0,0,0,1,0,1,1,0,0,1,10,0.0,33.0,62.0,133,129,46,31
2018-10-31,136,0,1,0,0,0,1,0,1,1,0,0,1,10,23.5,25.8,81.0,133,129,46,31
2018-11-01,88,0,1,0,0,0,1,0,1,0,1,0,1,10,2.3,23.2,76.75,136,122,38,33
2018-11-03,90,1,0,0,0,0,1,0,1,0,1,0,1,10,15.5,21.6,89.5,136,139,38,36
2018-11-04,122,1,0,0,0,0,1,0,1,0,1,0,1,10,1.6,25.4,69.5,137,129,24,21
2018-11-05,108,0,1,0,0,0,1,0,1,1,0,0,1,10,0.0,29.8,68.0,137,138,24,29
2018-11-06,115,0,1,0,0,0,1,0,1,1,0,0,1,10,0.0,29.6,74.0,137,144,24,20
2018-11-07,129,0,1,0,0,0,1,0,1,1,0,0,1,10,1.0,25.2,77.0,134,130,23,21
2018-11-08,100,0,1,0,0,0,1,0,1,1,0,0,1,10,0.3,27.6,63.75,134,134,23,24
2018-11-09,109,0,1,0,0,0,1,0,1,1,0,0,1,10,0.0,31.4,62.75,134,141,23,23
2018-11-10,73,1,0,0,0,0,1,0,1,1,0,0,1,10,0.0,33.9,62.25,133,129,46,31
2018-11-11,153,1,0,0,0,0,1,0,1,0,1,0,1,10,0.0,34.1,58.5,133,134,46,29
2018-11-12,104,0,1,0,0,0,1,0,1,0,1,0,1,10,0.0,34.7,73.75,133,135,46,68
2018-11-13,106,0,1,0,0,0,1,0,1,0,1,0,1,10,0.0,34.0,60.25,133,134,46,29
2018-11-14,125,0,1,0,0,0,1,0,1,0,1,0,1,10,17.9,28.2,75.25,133,134,46,29
2018-11-15,123,0,1,0,0,0,1,1,0,0,1,0,1,10,1.0,29.2,57.25,133,134,46,29
2018-11-16,89,0,1,0,0,0,1,1,0,0,1,0,1,10,0.0,29.7,68.0,133,134,46,29
2018-11-17,106,1,0,0,0,0,1,0,1,0,1,0,1,10,0.0,29.0,69.75,133,134,46,29
2018-11-18,122,1,0,0,0,0,1,0,1,0,1,0,1,10,27.5,23.3,75.5,133,134,46,29
2018-11-19,89,0,1,0,0,0,1,0,1,0,1,0,1,10,0.0,25.5,59.25,133,134,46,29
2018-11-20,148,0,1,0,0,0,1,0,1,0,1,0,1,10,0.0,28.8,61.25,133,134,46,29
2018-11-21,131,0,1,0,0,0,1,0,1,0,1,0,1,10,0.0,32.4,62.5,133,134,46,29
2018-11-22,154,0,1,0,0,0,1,0,1,0,1,0,1,10,0.0,33.7,63.0,133,134,46,29
2018-11-23,148,0,1,0,0,0,1,0,1,0,1,0,1,10,0.0,33.3,67.5,133,134,46,29
2018-11-24,107,1,0,0,0,0,1,0,1,0,1,0,1,10,49.3,25.2,91.75,133,134,46,29
2018-11-25,139,1,0,0,0,0,1,0,1,0,1,0,1,10,7.2,26.1,62.25,133,134,46,29
2018-11-26,119,0,1,0,0,0,1,0,1,0,1,0,1,10,0.0,26.2,62.0,133,134,46,29
2018-11-27,148,0,1,0,0,0,1,0,1,0,1,0,1,10,0.0,26.5,72.75,133,134,46,29
2018-11-28,137,0,1,0,0,0,1,0,1,1,0,0,1,10,0.0,25.6,79.0,133,134,46,29
2018-11-29,151,0,1,0,0,0,1,0,1,1,0,0,1,10,0.0,31.3,72.0,133,134,46,29
2018-11-30,164,0,1,0,0,0,1,0,1,1,0,0,1,10,1.7,29.3,85.5,133,134,46,29
2018-12-01,128,1,0,0,0,0,1,0,1,0,1,0,1,10,2.3,27.6,85.75,136,122,38,33
2018-12-02,158,1,0,0,0,0,1,0,1,0,1,0,1,10,10.0,23.4,66.0,136,137,38,41
2018-12-03,139,0,1,0,0,0,1,0,1,0,1,0,1,10,0.0,24.3,53.5,136,139,38,36
2018-12-04,151,0,1,0,0,0,1,0,1,0,1,0,1,10,0.0,28.0,50.5,137,129,24,21
2018-12-05,166,0,1,0,0,0,1,0,1,1,0,0,1,10,0.0,27.0,63.25,137,138,24,29
2018-12-06,128,0,1,0,0,0,1,0,1,1,0,0,1,10,0.0,24.8,67.25,137,144,24,20
2018-12-07,155,0,1,0,0,0,1,0,1,1,0,0,1,10,0.0,22.8,55.75,134,130,23,21
2018-12-08,139,1,0,0,0,0,1,0,1,1,0,0,1,10,0.0,26.0,55.25,134,134,23,24
2018-12-09,167,1,0,0,0,0,1,0,1,1,0,0,1,10,0.0,31.0,57.75,134,141,23,23
2018-12-10,149,0,1,0,0,0,1,0,1,1,0,0,1,10,0.0,33.9,50.75,133,129,46,31
2018-12-11,153,0,1,0,0,0,1,0,1,0,1,0,1,10,0.0,37.9,48.75,133,134,46,29
2018-12-12,149,0,1,0,0,0,1,0,1,0,1,0,1,10,0.1,30.4,72.0,133,135,46,68
2018-12-13,186,0,1,0,0,0,1,0,1,0,1,0,1,10,0.0,31.7,77.25,133,135,46,68
2018-12-14,155,0,1,0,0,0,1,0,1,0,1,0,1,10,0.1,36.4,71.25,133,135,46,68
2018-12-15,161,1,0,0,0,0,1,0,1,0,1,0,1,10,9.8,30.0,81.5,133,135,46,68
2018-12-16,183,1,0,0,0,0,1,0,1,0,1,0,1,10,1.0,33.3,71.25,133,135,46,68
2018-12-17,152,0,1,0,0,0,1,0,1,0,1,0,1,10,0.0,37.0,73.5,133,135,46,68
2018-12-18,139,0,1,0,0,0,1,0,1,0,1,0,1,10,15.3,27.6,87.75,133,135,46,68
2018-12-19,168,0,1,0,0,0,1,0,1,0,1,0,1,10,3.7,30.0,84.5,133,135,46,68
2018-12-20,175,0,1,0,0,0,1,0,1,0,1,0,1,10,1.9,29.4,84.25,133,135,46,68
2018-12-21,164,0,1,0,1,0,0,0,1,0,1,0,1,10,14.3,26.9,80.25,133,135,46,68
2018-12-26,139,0,1,0,1,1,0,0,1,0,1,0,1,10,0.0,31.7,68.75,133,135,46,68
2018-12-27,108,0,1,0,1,1,0,0,1,0,1,0,1,10,0.0,33.8,68.5,133,135,46,68
2018-12-28,126,0,1,0,1,0,0,0,1,1,0,0,1,10,0.0,36.1,57.0,133,135,46,68
2019-01-02,87,0,1,0,0,1,0,0,1,0,1,1,0,10,0.0,38.5,57.75,116,119,27,29
2019-01-03,99,0,1,0,0,1,0,0,1,0,1,1,0,10,0.0,34.2,87.25,116,119,27,26
2019-01-04,81,0,1,0,0,0,1,0,1,0,1,1,0,10,14.2,26.5,82.75,118,116,26,34
2019-01-05,79,1,0,0,0,0,1,0,1,1,0,1,0,10,0.0,28.4,72.75,118,116,26,26
2019-01-06,89,1,0,0,0,0,1,0,1,1,0,1,0,10,0.0,35.3,67.5,118,121,26,17
2019-01-07,105,0,1,0,0,0,1,0,1,1,0,1,0,10,0.2,34.6,72.25,118,116,23,19
2019-01-08,87,0,1,0,0,0,1,0,1,1,0,1,0,10,3.7,32.5,67.25,118,117,23,24
2019-01-09,98,0,1,0,0,0,1,0,1,1,0,1,0,10,0.0,28.9,71.0,118,122,23,25
2019-01-10,101,0,1,0,0,0,1,0,1,1,0,1,0,10,0.2,30.2,74.75,122,124,35,23
2019-01-11,85,0,1,0,0,0,1,0,1,0,1,1,0,10,0.2,27.4,80.5,122,125,35,20
2019-01-13,86,1,0,0,0,0,1,0,1,0,1,1,0,10,0.2,35.5,65.0,116,109,27,26
2019-01-14,94,0,1,0,0,0,1,0,1,0,1,1,0,10,0.3,32.7,77.5,116,109,27,26
2019-01-15,128,0,1,0,0,0,1,0,1,0,1,1,0,10,2.6,34.7,69.0,116,109,27,26
2019-01-16,113,0,1,0,0,0,1,0,1,0,1,1,0,10,33.8,31.9,76.75,116,109,27,26
2019-01-17,97,0,1,0,0,0,1,0,1,0,1,1,0,10,5.4,28.0,89.5,116,109,27,26
2019-01-18,100,0,1,0,0,0,1,0,1,0,1,1,0,10,14.7,28.8,88.5,116,109,27,26
2019-01-19,78,1,0,0,0,0,1,0,1,0,1,1,0,10,13.1,24.8,92.5,116,109,27,26
2019-01-20,104,1,0,0,0,0,1,0,1,0,1,1,0,10,6.4,28.6,77.5,116,109,27,26
2019-01-21,128,0,1,0,0,0,1,0,1,0,1,1,0,10,0.0,29.8,82.0,116,109,27,26
2019-01-22,119,0,1,0,0,0,1,0,1,0,1,1,0,10,0.0,34.0,72.5,116,109,27,26
2019-01-23,130,0,1,0,0,0,1,0,1,0,1,1,0,10,0.0,34.9,65.25,116,109,27,26
2019-01-24,125,0,1,0,0,0,1,0,1,0,1,1,0,10,0.0,31.6,82.5,116,109,27,26
2019-01-25,117,0,1,0,0,0,1,0,1,0,1,1,0,10,6.0,31.7,69.5,116,109,27,26
2019-01-26,105,1,0,0,0,0,1,0,1,0,1,1,0,10,0.0,35.7,67.75,116,109,27,26
2019-01-27,120,1,0,0,0,0,1,0,1,0,1,1,0,10,0.0,35.3,61.75,116,109,27,26
2019-01-28,106,0,1,0,0,0,1,0,1,1,0,1,0,10,0.0,36.1,59.0,116,109,27,26
2019-01-29,98,0,1,0,0,0,1,0,1,1,0,1,0,10,0.0,37.3,63.25,116,109,27,26
2019-01-30,86,0,1,0,0,0,1,0,1,1,0,1,0,10,0.0,38.4,52.25,116,109,27,26
2019-01-31,127,0,1,0,0,0,1,0,1,1,0,1,0,10,0.0,36.7,75.75,116,109,27,26
2019-02-01,106,0,1,0,0,0,1,0,1,0,1,1,0,10,15.9,36.0,80.0,116,109,27,26
2019-02-02,95,1,0,0,0,0,1,0,1,0,1,1,0,10,2.1,31.0,84.5,116,119,27,29
2019-02-03,108,1,0,0,0,0,1,0,1,0,1,1,0,10,21.4,25.6,72.25,116,119,27,26
2019-02-04,117,0,1,0,0,0,1,0,1,0,1,1,0,10,0.0,26.6,66.0,118,116,26,34
2019-02-05,126,0,1,0,0,0,1,0,1,1,0,1,0,10,0.0,28.6,63.5,118,116,26,26
2019-02-06,148,0,1,0,0,0,1,0,1,1,0,1,0,10,0.0,30.2,70.0,118,121,26,17
2019-02-07,131,0,1,0,0,0,1,0,1,1,0,1,0,10,0.0,32.4,65.0,118,116,23,19
2019-02-08,134,0,1,0,0,0,1,0,1,1,0,1,0,10,0.0,34.5,61.0,118,117,23,24
2019-02-09,159,1,0,0,0,0,1,0,1,1,0,1,0,10,0.0,37.3,55.25,118,122,23,25
2019-02-10,130,1,0,0,0,0,1,0,1,1,0,1,0,10,0.0,29.8,84.75,122,124,35,23
2019-02-11,139,0,1,0,0,0,1,0,1,0,1,1,0,10,4.4,34.7,75.75,122,125,35,20
2019-02-12,117,0,1,0,0,0,1,0,1,0,1,1,0,10,14.7,25.3,72.75,122,118,35,53
2019-02-13,142,0,1,0,0,0,1,0,1,0,1,1,0,10,1.5,27.0,66.75,116,119,27,29
2019-02-14,128,0,1,0,0,0,1,0,1,0,1,1,0,10,0.0,31.0,65.25,116,119,27,29
2019-02-15,99,0,1,0,0,0,1,0,1,0,1,1,0,10,5.0,25.4,83.0,116,119,27,29
2019-02-16,128,1,0,0,0,0,1,0,1,0,1,1,0,10,1.6,28.6,78.0,116,119,27,29
2019-02-17,105,1,0,0,0,0,1,0,1,0,1,1,0,10,3.8,29.4,69.75,116,119,27,29
2019-02-18,138,0,1,0,0,0,1,0,1,0,1,1,0,10,0.0,31.7,72.5,116,119,27,29
2019-02-19,118,0,1,0,0,0,1,0,1,0,1,1,0,10,0.0,32.3,70.25,116,119,27,29
2019-02-20,122,0,1,0,0,0,1,0,1,0,1,1,0,10,0.0,33.8,65.75,116,119,27,29
2019-02-21,131,0,1,0,0,0,1,0,1,0,1,1,0,10,0.0,35.2,67.0,116,119,27,29
2019-02-22,107,0,1,0,0,0,1,0,1,0,1,1,0,10,0.0,34.3,62.5,116,119,27,29
2019-02-23,150,1,0,0,0,0,1,0,1,0,1,1,0,10,0.0,35.9,57.0,116,119,27,29
2019-02-24,145,1,0,0,0,0,1,0,1,0,1,1,0,10,0.0,32.0,81.5,116,119,27,29
2019-02-25,149,0,1,0,0,0,1,0,1,0,1,1,0,10,31.8,24.0,94.5,116,119,27,29
2019-02-26,138,0,1,0,0,0,1,0,1,0,1,1,0,10,8.7,24.9,70.75,116,119,27,29
2019-02-27,163,0,1,0,1,0,0,0,1,0,1,1,0,10,0.2,24.7,70.25,116,119,27,29
2019-02-28,141,0,1,0,1,0,0,0,1,1,0,1,0,10,0.0,29.2,67.25,116,119,27,29
2019-03-01,130,0,1,0,1,0,0,0,1,0,1,0,1,10,0.0,31.4,69.0,116,109,27,26
2019-03-02,107,1,0,0,1,0,0,0,1,0,1,0,1,10,0.0,31.5,54.5,116,119,27,29
2019-03-07,85,0,1,0,0,1,0,0,1,1,0,0,1,10,0.0,33.7,70.5,118,116,23,19
2019-03-08,77,0,1,0,0,0,1,0,1,1,0,0,1,10,0.1,30.1,84.0,118,117,23,24
2019-03-10,112,1,0,0,0,0,1,0,1,1,0,0,1,10,7.3,24.9,71.5,122,124,35,23
2019-03-11,134,0,1,0,0,0,1,0,1,0,1,0,1,10,0.0,27.2,73.0,122,125,35,20
2019-03-12,136,0,1,0,0,0,1,0,1,0,1,0,1,10,0.0,28.8,70.75,122,118,35,53
2019-03-13,143,0,1,0,0,0,1,0,1,0,1,0,1,10,0.3,28.0,77.0,116,119,27,26
2019-03-14,120,0,1,0,0,0,1,0,1,0,1,0,1,10,0.8,28.9,72.0,116,119,27,26
2019-03-15,139,0,1,0,0,0,1,0,1,0,1,0,1,10,0.0,30.2,75.75,116,119,27,26
2019-03-16,148,1,0,0,0,0,1,0,1,0,1,0,1,10,0.0,31.0,74.5,116,119,27,26
2019-03-17,127,1,0,0,0,0,1,0,1,0,1,0,1,10,0.0,25.7,88.0,116,119,27,26
2019-03-18,118,0,1,0,0,0,1,0,1,0,1,0,1,10,10.1,27.7,90.5,116,119,27,26
2019-03-19,127,0,1,0,0,0,1,0,1,0,1,0,1,10,0.7,29.9,75.25,116,119,27,26
2019-03-20,133,0,1,0,0,0,1,0,1,0,1,0,1,10,0.0,25.2,75.5,116,119,27,26
2019-03-21,126,0,1,0,0,0,1,0,1,0,1,0,1,10,0.6,24.1,65.75,116,119,27,26
2019-03-22,113,0,1,0,0,0,1,0,1,0,1,0,1,10,0.0,26.3,72.0,116,119,27,26
2019-03-23,136,1,0,0,0,0,1,0,1,0,1,0,1,10,0.0,27.7,74.75,116,119,27,26
2019-03-24,153,1,0,0,0,0,1,0,1,0,1,0,1,10,0.0,29.6,62.5,116,119,27,26
2019-03-25,127,0,1,0,0,0,1,0,1,0,1,0,1,10,0.0,25.2,64.0,116,119,27,26
2019-03-26,129,0,1,0,0,0,1,0,1,0,1,0,1,10,0.0,27.1,75.5,116,119,27,26
2019-03-27,118,0,1,0,0,0,1,0,1,0,1,0,1,10,0.0,24.4,82.25,116,119,27,26
2019-03-28,120,0,1,0,0,0,1,0,1,1,0,0,1,10,1.9,27.6,74.25,116,119,27,26
2019-03-29,114,0,1,0,0,0,1,0,1,1,0,0,1,10,0.0,29.1,73.25,116,119,27,26
2019-03-30,137,1,0,0,0,0,1,0,1,1,0,0,1,10,0.0,32.1,68.5,116,119,27,26
2019-03-31,122,1,0,0,0,0,1,0,1,1,0,0,1,10,0.1,30.2,76.0,116,119,27,26
2019-04-01,131,0,1,0,0,0,1,0,1,0,1,0,1,10,0.0,31.4,79.0,116,109,27,26
2019-04-02,127,0,1,0,0,0,1,0,1,0,1,0,1,10,0.0,32.9,70.0,116,119,27,29
2019-04-03,138,0,1,0,0,0,1,0,1,0,1,0,1,10,0.0,32.6,72.5,116,119,27,26
2019-04-04,120,0,1,0,0,0,1,0,1,0,1,0,1,10,0.0,34.0,76.5,118,116,26,34
2019-04-05,108,0,1,0,0,0,1,0,1,1,0,0,1,10,50.7,25.7,85.75,118,116,26,26
2019-04-06,128,1,0,0,0,0,1,0,1,1,0,0,1,10,0.1,24.0,93.5,118,121,26,17
2019-04-07,100,1,0,0,0,0,1,0,1,1,0,0,1,10,6.4,24.6,81.75,118,116,23,19
2019-04-08,110,0,1,0,0,0,1,0,1,1,0,0,1,10,0.2,26.2,72.5,118,117,23,24
2019-04-09,127,0,1,0,0,0,1,0,1,1,0,0,1,10,0.0,26.5,70.75,118,122,23,25
2019-04-10,118,0,1,0,0,0,1,0,1,1,0,0,1,10,0.0,29.4,67.0,122,124,35,23
2019-04-11,107,0,1,0,0,0,1,0,1,0,1,0,1,10,0.0,31.0,76.75,122,125,35,20
2019-04-12,121,0,1,0,0,0,1,0,1,0,1,0,1,10,24.0,24.1,83.5,122,118,35,53
2019-04-13,138,1,0,0,0,0,1,0,1,0,1,0,1,10,0.0,30.3,82.0,118,116,26,34
2019-04-14,105,1,0,0,0,0,1,0,1,0,1,0,1,10,0.0,32.2,68.75,118,116,26,34
2019-04-15,128,0,1,0,0,0,1,0,1,0,1,0,1,10,0.0,26.9,87.25,118,116,26,34
2019-04-16,121,0,1,0,0,0,1,0,1,0,1,0,1,10,52.7,22.6,94.0,118,116,26,34
2019-04-17,134,0,1,0,0,0,1,0,1,0,1,0,1,10,15.2,24.7,82.75,118,116,26,34
2019-04-18,116,0,1,0,0,0,1,0,1,0,1,0,1,10,0.1,26.2,82.25,118,116,26,34
2019-04-20,129,1,0,0,0,0,1,0,1,0,1,0,1,10,0.0,27.1,82.75,118,116,26,34
2019-04-21,143,1,0,0,0,0,1,1,0,0,1,0,1,10,0.0,23.0,82.25,118,116,26,34
2019-04-22,128,0,1,0,0,0,1,0,1,0,1,0,1,10,0.4,21.4,76.5,118,116,26,34
2019-04-23,118,0,1,0,0,0,1,0,1,0,1,0,1,10,0.0,25.0,79.25,118,116,26,34
2019-04-24,137,0,1,0,0,0,1,0,1,0,1,0,1,10,0.0,29.2,81.25,118,116,26,34
2019-04-25,130,0,1,0,0,0,1,0,1,0,1,0,1,10,0.0,23.0,91.5,118,116,26,34
2019-04-26,127,0,1,0,0,0,1,0,1,0,1,0,1,10,14.9,25.7,92.0,118,116,26,34
2019-04-27,130,1,0,0,0,0,1,0,1,0,1,0,1,10,73.7,23.2,91.5,118,116,26,34
2019-04-28,148,1,0,0,0,0,1,0,1,1,0,0,1,10,2.5,24.2,83.5,118,116,26,34
2019-04-29,127,0,1,0,0,0,1,0,1,1,0,0,1,10,0.1,24.8,81.5,118,116,26,34
2019-04-30,117,0,1,0,0,0,1,0,1,1,0,0,1,10,0.0,25.2,85.25,118,116,26,34
2019-05-01,90,0,1,0,0,0,1,1,0,0,1,0,1,10,0.4,27.1,74.75,116,109,27,26
2019-05-02,113,0,1,0,0,0,1,0,1,0,1,0,1,10,0.1,25.6,79.75,116,119,27,29
2019-05-03,120,0,1,0,0,0,1,0,1,0,1,0,1,10,0.0,28.6,87.75,116,119,27,26
2019-05-04,101,1,0,0,0,0,1,0,1,0,1,0,1,10,43.0,28.5,89.0,118,116,26,34
2019-05-05,132,1,0,0,0,0,1,0,1,1,0,0,1,10,0.0,30.0,86.5,118,116,26,26
2019-05-06,128,0,1,0,0,0,1,0,1,1,0,0,1,10,12.0,24.8,86.0,118,121,26,17
2019-05-07,154,0,1,0,0,0,1,0,1,1,0,0,1,10,1.5,22.9,77.5,118,116,23,19
2019-05-08,179,0,1,0,1,0,0,0,1,1,0,0,1,10,0.0,22.1,81.75,118,117,23,24
2019-05-09,189,0,1,0,1,0,0,0,1,1,0,0,1,10,0.0,25.5,82.75,118,122,23,25
2019-05-11,160,1,0,0,1,0,0,0,1,0,1,0,1,10,18.6,20.6,89.0,122,125,35,20
2019-05-12,174,1,0,1,0,0,0,0,1,0,1,0,1,10,0.9,21.5,84.0,122,118,35,53
2019-05-13,113,0,1,0,0,1,0,0,1,0,1,0,1,10,0.7,21.7,89.75,118,116,26,26
2019-05-14,100,0,1,0,0,1,0,0,1,0,1,0,1,10,3.0,20.5,94.25,118,116,26,26
2019-05-15,125,0,1,0,0,0,1,0,1,0,1,0,1,10,2.2,22.9,91.75,118,116,26,26
2019-05-16,116,0,1,0,0,0,1,0,1,0,1,0,1,10,1.7,23.9,77.75,118,116,26,26
2019-05-17,110,0,1,0,0,0,1,0,1,0,1,0,1,10,0.0,25.3,72.0,118,116,26,26
2019-05-18,103,1,0,0,0,0,1,0,1,0,1,0,1,10,0.0,26.9,82.25,118,116,26,26
2019-05-19,120,1,0,0,0,0,1,0,1,0,1,0,1,10,0.0,28.1,80.0,118,116,26,26
2019-05-20,111,0,1,0,0,0,1,0,1,0,1,0,1,10,0.0,25.8,88.0,118,116,26,26
2019-05-21,128,0,1,0,0,0,1,0,1,0,1,0,1,10,6.0,21.7,90.25,118,116,26,26
2019-05-22,106,0,1,0,0,0,1,0,1,0,1,0,1,10,3.6,22.7,94.5,118,116,26,26
2019-05-23,139,0,1,0,0,0,1,0,1,0,1,0,1,10,9.2,19.9,89.5,118,116,26,26
2019-05-24,114,0,1,0,0,0,1,0,1,0,1,0,1,10,34.5,18.0,89.25,118,116,26,26
2019-05-25,128,1,0,0,0,0,1,0,1,0,1,0,1,10,7.2,20.6,82.75,118,116,26,26
2019-05-26,139,1,0,0,0,0,1,0,1,0,1,0,1,10,0.1,24.0,80.5,118,116,26,26
2019-05-27,154,0,1,0,0,0,1,0,1,0,1,0,1,10,4.1,25.3,90.75,118,116,26,26
2019-05-28,123,0,1,0,0,0,1,0,1,1,0,0,1,10,66.2,20.1,92.5,118,116,26,26
2019-05-29,119,0,1,0,0,0,1,0,1,1,0,0,1,10,0.3,22.1,81.25,118,116,26,26
2019-05-30,101,0,1,0,0,0,1,0,1,1,0,0,1,10,0.2,16.8,93.5,118,116,26,26
2019-05-31,128,0,1,0,0,0,1,0,1,1,0,0,1,10,24.0,17.6,94.5,118,116,26,26
2019-06-01,138,1,0,0,0,0,1,0,1,0,1,0,1,10,4.1,19.8,89.25,116,109,27,26
2019-06-02,129,1,0,0,0,0,1,0,1,0,1,0,1,10,0.8,21.4,88.5,116,119,27,29
2019-06-03,120,0,1,0,0,0,1,0,1,0,1,0,1,10,1.8,22.1,84.75,116,119,27,26
2019-06-04,137,0,1,0,0,0,1,0,1,0,1,0,1,10,0.3,20.9,88.5,118,116,26,34
2019-06-05,118,0,1,0,0,0,1,0,1,1,0,0,1,10,0.1,23.2,80.0,118,116,26,26
2019-06-06,120,0,1,0,0,0,1,0,1,1,0,0,1,10,0.0,25.0,82.25,118,121,26,17
2019-06-07,136,0,1,0,0,0,1,0,1,1,0,0,1,10,0.0,25.9,75.0,118,116,23,19
2019-06-08,113,1,0,0,0,0,1,0,1,1,0,0,1,10,0.0,20.2,88.0,118,117,23,24
2019-06-09,106,1,0,0,0,0,1,0,1,1,0,0,1,10,0.2,24.0,81.5,118,122,23,25
2019-06-10,111,0,1,0,0,0,1,0,1,1,0,0,1,10,0.0,26.2,81.0,122,124,35,23
2019-06-11,99,0,1,0,0,0,1,0,1,0,1,0,1,10,0.0,27.0,83.0,122,125,35,20
2019-06-12,108,0,1,0,0,0,1,0,1,0,1,0,1,10,0.0,27.7,79.75,122,118,35,53
2019-06-13,121,0,1,0,0,0,1,0,1,0,1,0,1,10,0.0,28.8,78.75,118,121,26,17
2019-06-14,89,0,1,0,0,0,1,0,1,0,1,0,1,10,0.0,30.3,78.25,118,121,26,17
2019-06-15,110,1,0,0,0,0,1,0,1,0,1,0,1,10,0.0,29.5,81.75,118,121,26,17
2019-06-16,127,1,0,0,0,0,1,0,1,0,1,0,1,10,0.0,29.6,86.0,118,121,26,17
2019-06-17,129,0,1,0,0,0,1,0,1,0,1,0,1,10,0.0,26.0,87.5,118,121,26,17
2019-06-18,116,0,1,0,0,0,1,0,1,0,1,0,1,10,0.0,27.2,73.0,118,121,26,17
2019-06-19,121,0,1,0,0,0,1,0,1,0,1,0,1,10,9.4,23.6,67.25,118,121,26,17
2019-06-20,113,0,1,0,0,0,1,1,0,0,1,0,1,10,0.0,19.6,79.0,118,121,26,17
2019-06-21,128,0,1,0,0,0,1,1,0,0,1,0,1,10,0.0,25.1,80.0,118,121,26,17
2019-06-22,130,1,0,0,0,0,1,0,1,0,1,0,1,10,0.0,27.7,84.75,118,121,26,17
2019-06-23,145,1,0,0,0,0,1,0,1,0,1,0,1,10,0.1,28.1,79.25,118,121,26,17
2019-06-24,139,0,1,0,0,0,1,0,1,0,1,0,1,10,0.0,27.9,71.75,118,121,26,17
2019-06-25,120,0,1,0,0,0,1,0,1,0,1,0,1,10,0.0,29.1,70.75,118,121,26,17
2019-06-26,119,0,1,0,0,0,1,0,1,0,1,0,1,10,16.2,13.9,72.5,118,121,26,17
2019-06-27,115,0,1,0,0,0,1,0,1,0,1,0,1,10,0.0,21.3,83.75,118,121,26,17
2019-06-28,128,0,1,0,0,0,1,0,1,1,0,0,1,10,0.2,22.8,93.75,118,121,26,17
2019-06-29,130,1,0,0,0,0,1,0,1,1,0,0,1,10,4.0,30.4,65.75,118,121,26,17
2019-06-30,148,1,0,0,0,0,1,0,1,1,0,0,1,10,7.2,27.1,92.75,118,121,26,17
2019-07-01,128,0,1,0,0,0,1,0,1,0,1,0,1,11,26.4,16.6,83.75,116,109,27,26
2019-07-02,119,0,1,0,0,0,1,0,1,0,1,0,1,11,0.3,15.7,85.25,116,119,27,29
2019-07-03,113,0,1,0,0,0,1,0,1,0,1,0,1,11,0.0,14.7,63.5,116,119,27,26
2019-07-04,135,0,1,0,0,0,1,0,1,0,1,0,1,11,0.0,13.6,64.5,118,116,26,34
2019-07-05,129,0,1,0,0,0,1,0,1,1,0,0,1,11,0.0,10.9,58.5,118,116,26,26
2019-07-06,130,1,0,0,0,0,1,0,1,1,0,0,1,11,0.0,11.9,73.5,118,121,26,17
2019-07-07,141,1,0,0,0,0,1,0,1,1,0,0,1,11,0.0,13.9,75.75,118,116,23,19
2019-07-08,129,0,1,0,0,0,1,0,1,1,0,0,1,11,0.0,19.7,78.0,118,117,23,24
2019-07-09,119,0,1,0,0,0,1,0,1,1,0,0,1,11,0.0,19.9,85.25,118,122,23,25
2019-07-10,116,0,1,0,0,0,1,0,1,1,0,0,1,11,0.1,21.6,80.0,122,124,35,23
2019-07-11,131,0,1,0,0,0,1,0,1,0,1,0,1,11,0.0,26.3,74.0,122,125,35,20
2019-07-12,120,0,1,0,0,0,1,0,1,0,1,0,1,11,0.0,28.1,77.0,122,118,35,53
2019-07-13,101,1,0,0,0,0,1,0,1,0,1,0,1,11,3.0,18.1,92.75,118,116,23,19
2019-07-14,128,1,0,0,0,0,1,0,1,0,1,0,1,11,15.7,13.7,91.75,118,116,23,19
2019-07-15,111,0,1,0,0,0,1,0,1,0,1,0,1,11,0.8,14.1,82.0,118,116,23,19
2019-07-16,113,0,1,0,0,0,1,0,1,0,1,0,1,11,0.0,16.7,84.25,118,116,23,19
2019-07-17,104,0,1,0,0,0,1,0,1,0,1,0,1,11,0.0,18.3,88.5,118,116,23,19
2019-07-18,128,0,1,0,0,0,1,0,1,0,1,0,1,11,0.0,23.5,84.5,118,116,23,19
2019-07-19,118,0,1,0,0,0,1,0,1,0,1,0,1,11,0.0,21.5,86.25,118,116,23,19
2019-07-20,129,1,0,0,0,0,1,0,1,0,1,0,1,11,0.0,28.7,75.5,118,116,23,19
2019-07-21,108,1,0,0,0,0,1,0,1,0,1,0,1,11,0.0,28.6,73.25,118,116,23,19
2019-07-22,118,0,1,0,0,0,1,0,1,0,1,0,1,11,0.0,26.4,80.5,118,116,23,19
2019-07-23,99,0,1,0,0,0,1,0,1,0,1,0,1,11,5.2,18.8,95.0,118,116,23,19
2019-07-24,77,0,1,0,0,0,1,0,1,0,1,0,1,11,79.4,18.4,96.0,118,116,23,19
2019-07-25,105,0,1,0,0,0,1,0,1,0,1,0,1,11,18.2,20.0,90.5,118,116,23,19
2019-07-26,111,0,1,0,0,0,1,0,1,0,1,0,1,11,0.0,20.2,88.75,118,116,23,19
2019-07-27,110,1,0,0,0,0,1,0,1,0,1,0,1,11,1.2,14.1,88.0,118,116,23,19
2019-07-28,128,1,0,0,0,0,1,0,1,1,0,0,1,11,0.2,17.3,83.25,118,116,23,19
2019-07-29,148,0,1,0,0,0,1,0,1,1,0,0,1,11,0.0,23.9,83.25,118,116,23,19
2019-07-30,104,0,1,0,0,0,1,0,1,1,0,0,1,11,7.8,20.6,87.5,118,116,23,19
2019-07-31,121,0,1,0,0,0,1,0,1,1,0,0,1,11,0.0,24.0,80.0,118,116,23,19
2019-08-01,118,0,1,0,0,0,1,0,1,0,1,0,1,11,0.0,29.6,77.5,116,109,27,26
2019-08-02,107,0,1,0,0,0,1,0,1,0,1,0,1,11,15.8,16.0,71.25,116,119,27,29
2019-08-03,129,1,0,0,0,0,1,0,1,0,1,0,1,11,0.0,15.3,67.0,116,119,27,26
2019-08-04,149,1,0,0,0,0,1,0,1,0,1,0,1,11,0.0,16.2,76.25,118,116,26,34
2019-08-05,131,0,1,0,0,0,1,0,1,1,0,0,1,11,0.0,22.1,79.5,118,116,26,26
2019-08-06,125,0,1,0,0,0,1,0,1,1,0,0,1,11,0.2,28.3,72.5,118,121,26,17
2019-08-07,159,0,1,0,1,0,0,0,1,1,0,0,1,11,0.0,29.9,72.75,118,116,23,19
2019-08-08,116,0,1,0,1,0,0,0,1,1,0,0,1,11,0.0,27.4,88.25,118,117,23,24
2019-08-09,138,0,1,0,1,0,0,0,1,1,0,0,1,11,10.3,22.4,93.0,118,122,23,25
2019-08-10,143,1,0,0,1,0,0,0,1,1,0,0,1,11,5.6,20.4,79.75,122,124,35,23
2019-08-11,159,1,0,1,0,0,0,0,1,0,1,0,1,11,0.0,20.2,80.25,122,125,35,20
2019-08-12,119,0,1,0,0,1,0,0,1,0,1,0,1,11,1.5,19.1,94.5,122,118,35,53
2019-08-13,78,0,1,0,0,1,0,0,1,0,1,0,1,11,15.2,14.2,62.25,118,117,23,24
2019-08-14,149,0,1,0,0,0,1,0,1,0,1,0,1,11,0.0,14.3,84.0,118,117,23,24
2019-08-15,139,0,1,0,0,0,1,0,1,0,1,0,1,11,0.1,22.7,77.75,118,117,23,24
2019-08-16,124,0,1,0,0,0,1,0,1,0,1,0,1,11,0.0,28.1,71.5,118,117,23,24
2019-08-17,81,1,0,0,0,0,1,0,1,0,1,0,1,11,0.0,30.2,51.5,118,117,23,24
2019-08-18,105,1,0,0,0,0,1,0,1,0,1,0,1,11,0.0,26.0,74.25,118,117,23,24
2019-08-19,87,0,1,0,0,0,1,0,1,0,1,0,1,11,0.1,14.4,75.75,118,117,23,24
2019-08-20,85,0,1,0,0,0,1,0,1,0,1,0,1,11,0.0,16.1,76.25,118,117,23,24
2019-08-21,114,0,1,0,0,0,1,0,1,0,1,0,1,11,0.0,16.1,82.75,118,117,23,24
2019-08-22,101,0,1,0,0,0,1,0,1,0,1,0,1,11,0.0,19.9,71.5,118,117,23,24
2019-08-23,155,0,1,0,0,0,1,0,1,0,1,0,1,11,0.0,18.2,83.0,118,117,23,24
2019-08-24,108,1,0,0,0,0,1,0,1,0,1,0,1,11,0.0,21.5,73.0,118,117,23,24
2019-08-25,131,1,0,0,0,0,1,0,1,0,1,0,1,11,0.0,25.1,67.0,118,117,23,24
2019-08-26,123,0,1,0,0,0,1,0,1,0,1,0,1,11,0.0,23.6,69.0,118,117,23,24
2019-08-27,134,0,1,0,0,0,1,0,1,0,1,0,1,11,0.0,26.0,78.0,118,117,23,24
2019-08-28,105,0,1,0,0,0,1,0,1,1,0,0,1,11,0.0,28.8,77.5,118,117,23,24
2019-08-29,116,0,1,0,0,0,1,0,1,1,0,0,1,11,0.0,32.8,65.0,118,117,23,24
2019-08-30,120,0,1,0,0,0,1,0,1,1,0,0,1,11,0.0,28.5,74.0,118,117,23,24
2019-08-31,118,1,0,0,0,0,1,0,1,1,0,0,1,11,28.6,18.7,89.25,118,117,23,24
2019-09-01,120,1,0,0,0,0,1,0,1,0,1,0,1,11,1.0,20.7,70.75,116,109,27,26
2019-09-02,110,0,1,0,0,0,1,0,1,0,1,0,1,11,0.0,21.0,69.75,116,119,27,29
2019-09-03,116,0,1,0,0,0,1,0,1,0,1,0,1,11,0.0,17.9,70.25,116,119,27,26
2019-09-04,130,0,1,0,0,0,1,0,1,0,1,0,1,11,0.0,17.6,60.0,118,116,26,34
2019-09-05,128,0,1,0,0,0,1,0,1,1,0,0,1,11,0.0,16.2,70.0,118,116,26,26
2019-09-06,120,0,1,0,0,0,1,0,1,1,0,0,1,11,0.0,19.8,86.25,118,121,26,17
2019-09-07,81,1,0,0,0,0,1,1,0,1,0,0,1,11,9.8,20.9,93.25,118,116,23,19
2019-09-08,119,1,0,0,0,0,1,0,1,1,0,0,1,11,9.0,27.5,86.0,118,117,23,24
2019-09-09,135,0,1,0,0,0,1,0,1,1,0,0,1,11,1.6,36.2,62.25,118,122,23,25
2019-09-10,129,0,1,0,0,0,1,0,1,1,0,0,1,11,0.0,29.0,81.75,122,124,35,23
2019-09-11,119,0,1,0,0,0,1,0,1,0,1,0,1,11,0.2,19.0,94.75,122,125,35,20
2019-09-12,101,0,1,0,0,0,1,0,1,0,1,0,1,11,26.2,18.2,94.25,122,118,35,53
2019-09-13,76,0,1,0,0,0,1,0,1,0,1,0,1,11,2.8,20.0,73.5,118,122,23,25
2019-09-14,128,1,0,0,0,0,1,0,1,0,1,0,1,11,0.2,23.8,82.75,118,122,23,25
2019-09-15,129,1,0,0,0,0,1,0,1,0,1,0,1,11,0.0,32.4,70.0,118,122,23,25
2019-09-16,118,0,1,0,0,0,1,0,1,0,1,0,1,11,0.0,27.0,84.0,118,122,23,25
2019-09-17,104,0,1,0,0,0,1,0,1,0,1,0,1,11,10.0,16.4,93.0,118,122,23,25
2019-09-18,149,0,1,0,0,0,1,0,1,0,1,0,1,11,30.9,17.7,88.25,118,122,23,25
2019-09-19,149,0,1,0,0,0,1,0,1,0,1,0,1,11,0.1,27.7,78.25,118,122,23,25
2019-09-20,81,0,1,0,0,0,1,0,1,0,1,0,1,11,0.0,21.5,71.75,118,122,23,25
2019-09-21,155,1,0,0,0,0,1,0,1,0,1,0,1,11,0.0,21.7,71.25,118,122,23,25
2019-09-22,105,1,0,0,0,0,1,0,1,0,1,0,1,11,0.0,20.4,69.0,118,122,23,25
2019-09-23,137,0,1,0,0,0,1,0,1,0,1,0,1,11,0.0,21.2,70.75,118,122,23,25
2019-09-24,127,0,1,0,0,0,1,0,1,0,1,0,1,11,0.0,25.2,69.0,118,122,23,25
2019-09-25,129,0,1,0,0,0,1,0,1,0,1,0,1,11,0.0,25.1,76.25,118,122,23,25
2019-09-26,120,0,1,0,0,0,1,0,1,0,1,0,1,11,0.0,26.3,62.75,118,122,23,25
2019-09-27,108,0,1,0,0,0,1,0,1,0,1,0,1,11,0.0,23.2,72.5,118,122,23,25
2019-09-28,119,1,0,0,0,0,1,0,1,1,0,0,1,11,0.0,24.7,68.5,118,122,23,25
2019-09-29,120,1,0,0,0,0,1,0,1,1,0,0,1,11,0.0,28.3,76.25,118,122,23,25
2019-09-30,110,0,1,0,0,0,1,0,1,1,0,0,1,11,0.1,34.7,65.25,118,122,23,25
2019-10-01,108,0,1,0,0,0,1,0,1,0,1,0,1,11,0.0,36.8,54.0,116,109,27,26
2019-10-02,125,0,1,0,0,0,1,0,1,0,1,0,1,11,0.0,28.8,88.75,116,119,27,29
2019-10-03,90,0,1,0,0,0,1,0,1,0,1,0,1,11,10.8,20.8,93.5,116,119,27,26
2019-10-04,114,0,1,0,0,0,1,0,1,0,1,0,1,11,21.5,23.2,95.75,118,116,26,34
2019-10-05,100,1,0,0,0,0,1,0,1,1,0,0,1,11,64.7,21.0,93.25,118,116,26,26
2019-10-06,106,1,0,0,0,0,1,0,1,1,0,0,1,11,8.9,19.1,87.75,118,121,26,17
2019-10-07,112,0,1,0,0,0,1,0,1,1,0,0,1,11,1.1,27.7,71.25,118,116,23,19
2019-10-08,131,0,1,0,0,0,1,0,1,1,0,0,1,11,0.0,28.7,72.25,118,117,23,24
2019-10-09,110,0,1,0,0,0,1,0,1,1,0,0,1,11,0.0,29.1,70.25,118,122,23,25
2019-10-10,107,0,1,0,0,0,1,0,1,1,0,0,1,11,0.1,32.2,65.5,122,124,35,23
2019-10-11,108,0,1,0,0,0,1,0,1,0,1,0,1,11,0.0,36.8,54.5,122,125,35,20
2019-10-12,94,1,0,0,0,0,1,1,0,0,1,0,1,11,0.0,38.4,54.75,122,118,35,53
2019-10-13,97,1,0,0,0,0,1,0,1,0,1,0,1,11,0.0,30.4,79.0,122,124,35,23
2019-10-14,103,0,1,0,0,0,1,0,1,0,1,0,1,11,1.8,21.6,92.25,122,124,35,23
2019-10-15,110,0,1,0,0,0,1,0,1,0,1,0,1,11,29.5,18.9,88.0,122,124,35,23
2019-10-16,129,0,1,0,0,0,1,0,1,0,1,0,1,11,0.4,20.7,89.0,122,124,35,23
2019-10-17,143,0,1,0,0,0,1,0,1,0,1,0,1,11,21.1,23.6,93.5,122,124,35,23
2019-10-18,81,0,1,0,0,0,1,0,1,0,1,0,1,11,18.8,28.5,77.5,122,124,35,23
2019-10-19,134,1,0,0,0,0,1,0,1,0,1,0,1,11,0.0,22.8,71.0,122,124,35,23
2019-10-20,120,1,0,0,0,0,1,0,1,0,1,0,1,11,0.0,22.0,67.75,122,124,35,23
2019-10-21,110,0,1,0,0,0,1,0,1,0,1,0,1,11,0.9,19.8,89.5,122,124,35,23
2019-10-22,106,0,1,0,0,0,1,0,1,0,1,0,1,11,12.8,23.2,79.5,122,124,35,23
2019-10-23,100,0,1,0,0,0,1,0,1,0,1,0,1,11,0.0,26.9,75.5,122,124,35,23
2019-10-24,128,0,1,0,0,0,1,0,1,0,1,0,1,11,0.0,27.8,63.75,122,124,35,23
2019-10-25,114,0,1,0,0,0,1,0,1,0,1,0,1,11,0.0,27.4,66.0,122,124,35,23
2019-10-26,135,1,0,0,0,0,1,0,1,0,1,0,1,11,0.0,31.2,69.0,122,124,35,23
2019-10-27,149,1,0,0,0,0,1,0,1,0,1,0,1,11,5.0,22.3,92.75,122,124,35,23
2019-10-28,149,0,1,0,0,0,1,0,1,1,0,0,1,11,18.2,29.7,73.5,122,124,35,23
2019-10-29,128,0,1,0,0,0,1,0,1,1,0,0,1,11,0.2,26.1,89.0,122,124,35,23
2019-10-30,146,0,1,0,0,0,1,0,1,1,0,0,1,11,15.2,21.6,95.0,122,124,35,23
2019-10-31,99,0,1,0,0,0,1,0,1,1,0,0,1,11,49.1,20.9,91.0,122,124,35,23
2019-11-01,128,0,1,0,0,0,1,0,1,0,1,0,1,11,0.0,25.4,82.0,116,109,27,26
2019-11-03,98,1,0,0,0,0,1,0,1,0,1,0,1,11,2.6,24.1,75.0,116,119,27,26
2019-11-04,130,0,1,0,0,0,1,0,1,0,1,0,1,11,0.1,21.9,93.5,118,116,26,34
2019-11-05,138,0,1,0,0,0,1,0,1,1,0,0,1,11,38.5,25.3,81.75,118,116,26,26
2019-11-06,141,0,1,0,0,0,1,0,1,1,0,0,1,11,0.1,26.4,64.25,118,121,26,17
2019-11-07,128,0,1,0,0,0,1,0,1,1,0,0,1,11,6.2,26.0,87.5,118,116,23,19
2019-11-08,154,0,1,0,0,0,1,0,1,1,0,0,1,11,1.5,28.9,78.25,118,117,23,24
2019-11-09,138,1,0,0,0,0,1,0,1,1,0,0,1,11,0.0,28.3,78.0,118,122,23,25
2019-11-10,164,1,0,0,0,0,1,0,1,1,0,0,1,11,0.8,23.1,89.25,122,124,35,23
2019-11-11,143,0,1,0,0,0,1,0,1,0,1,0,1,11,2.5,25.0,79.25,122,125,35,20
2019-11-12,138,0,1,0,0,0,1,0,1,0,1,0,1,11,0.1,30.3,72.0,122,118,35,53
2019-11-13,132,0,1,0,0,0,1,0,1,0,1,0,1,11,0.0,31.1,65.75,122,125,35,20
2019-11-14,120,0,1,0,0,0,1,0,1,0,1,0,1,11,14.0,29.2,84.75,122,125,35,20
2019-11-16,118,1,0,0,0,0,1,0,1,0,1,0,1,11,0.0,26.7,66.0,122,125,35,20
2019-11-17,128,1,0,0,0,0,1,0,1,0,1,0,1,11,0.0,30.1,59.25,122,125,35,20
2019-11-18,135,0,1,0,0,0,1,0,1,0,1,0,1,11,0.0,31.8,59.5,122,125,35,20
2019-11-19,126,0,1,0,0,0,1,0,1,0,1,0,1,11,0.0,32.3,69.0,122,125,35,20
2019-11-20,138,0,1,0,0,0,1,0,1,0,1,0,1,11,0.0,34.1,68.25,122,125,35,20
2019-11-21,120,0,1,0,0,0,1,0,1,0,1,0,1,11,0.0,34.5,64.5,122,125,35,20
2019-11-22,111,0,1,0,0,0,1,0,1,0,1,0,1,11,0.4,33.5,78.0,122,125,35,20
2019-11-23,138,1,0,0,0,0,1,0,1,0,1,0,1,11,11.6,25.1,68.0,122,125,35,20
2019-11-24,129,1,0,0,0,0,1,0,1,0,1,0,1,11,0.0,24.8,62.0,122,125,35,20
2019-11-25,141,0,1,0,0,0,1,0,1,0,1,0,1,11,0.0,28.1,66.5,122,125,35,20
2019-11-26,137,0,1,0,0,0,1,0,1,0,1,0,1,11,0.0,28.6,75.75,122,125,35,20
2019-11-27,129,0,1,0,0,0,1,0,1,0,1,0,1,11,3.0,24.5,80.75,122,125,35,20
2019-11-28,114,0,1,0,0,0,1,0,1,1,0,0,1,11,0.5,27.6,54.75,122,125,35,20
2019-11-29,132,0,1,0,0,0,1,0,1,1,0,0,1,11,0.0,32.2,58.75,122,125,35,20
2019-11-30,153,1,0,0,0,0,1,0,1,1,0,0,1,11,0.0,32.7,63.5,122,125,35,20
2019-12-01,142,1,0,0,0,0,1,0,1,0,1,0,1,11,0.0,28.3,60.75,116,109,27,26
2019-12-02,128,0,1,0,0,0,1,0,1,0,1,0,1,11,0.0,25.5,58.0,116,119,27,29
2019-12-03,108,0,1,0,0,0,1,0,1,0,1,0,1,11,0.0,28.5,54.0,116,119,27,26
2019-12-04,113,0,1,0,0,0,1,0,1,0,1,0,1,11,0.0,33.2,74.5,118,116,26,34
2019-12-05,131,0,1,0,0,0,1,0,1,1,0,0,1,11,6.7,27.3,68.0,118,116,26,26
2019-12-06,125,0,1,0,0,0,1,0,1,1,0,0,1,11,0.0,29.1,52.0,118,121,26,17
2019-12-07,119,1,0,0,0,0,1,0,1,1,0,0,1,11,0.0,29.5,61.25,118,116,23,19
2019-12-08,109,1,0,0,0,0,1,0,1,1,0,0,1,11,0.0,32.3,61.0,118,117,23,24
2019-12-09,128,0,1,0,0,0,1,0,1,1,0,0,1,11,0.0,34.2,58.0,118,122,23,25
2019-12-10,138,0,1,0,0,0,1,0,1,1,0,0,1,11,0.0,35.1,51.0,122,124,35,23
2019-12-11,119,0,1,0,0,0,1,0,1,0,1,0,1,11,0.0,35.4,60.0,122,125,35,20
2019-12-12,128,0,1,0,0,0,1,0,1,0,1,0,1,11,0.0,33.0,56.0,122,118,35,53
2019-12-13,136,0,1,0,0,0,1,0,1,0,1,0,1,11,0.0,28.2,58.0,122,118,35,53
2019-12-14,156,1,0,0,0,0,1,0,1,0,1,0,1,11,0.0,32.3,66.75,122,118,35,53
2019-12-15,148,1,0,0,0,0,1,0,1,0,1,0,1,11,0.0,34.6,68.25,122,118,35,53
2019-12-16,137,0,1,0,0,0,1,0,1,0,1,0,1,11,8.0,27.6,73.25,122,118,35,53
2019-12-17,128,0,1,0,0,0,1,0,1,0,1,0,1,11,0.1,28.3,65.75,122,118,35,53
2019-12-18,164,0,1,0,0,0,1,0,1,0,1,0,1,11,0.0,28.5,63.5,122,118,35,53
2019-12-19,138,0,1,0,0,0,1,0,1,0,1,0,1,11,0.0,32.4,63.5,122,118,35,53
2019-12-20,143,0,1,0,0,0,1,0,1,0,1,0,1,12,0.0,35.6,61.25,122,118,35,53
2019-12-21,160,1,0,0,1,0,0,0,1,0,1,0,1,12,4.3,29.7,67.75,122,118,35,53
2019-12-22,181,1,0,0,1,0,0,0,1,0,1,0,1,12,0.0,26.6,53.25,122,118,35,53
2019-12-23,196,0,1,0,1,0,0,0,1,0,1,0,1,12,0.0,30.1,51.75,122,118,35,53
2019-12-24,160,0,1,0,1,0,0,0,1,0,1,0,1,12,0.0,34.3,54.0,122,118,35,53
2019-12-26,148,0,1,0,1,1,0,0,1,0,1,0,1,12,0.0,35.4,63.25,122,118,35,53
2019-12-27,155,0,1,0,1,1,0,0,1,0,1,0,1,12,0.0,38.8,63.75,122,118,35,53
2019-12-28,106,1,0,0,1,0,0,0,1,1,0,0,1,12,0.0,39.0,58.25,122,118,35,53
2020-01-03,73,0,1,0,0,1,0,0,1,0,1,1,0,12,0.8,27.9,71.0,100,90,32,32
2020-01-05,74,1,0,0,0,0,1,0,1,1,0,1,0,12,0.1,32.6,65.0,96,92,21,25
2020-01-06,83,0,1,0,0,0,1,0,1,1,0,1,0,12,0.0,36.2,61.0,96,103,21,18
2020-01-07,99,0,1,0,0,0,1,0,1,1,0,1,0,12,0.1,31.6,67.25,106,102,21,4
2020-01-08,106,0,1,0,0,0,1,0,1,1,0,1,0,12,0.0,31.7,62.75,106,124,21,26
2020-01-09,104,0,1,0,0,0,1,0,1,1,0,1,0,12,0.0,37.7,65.25,106,91,21,18
2020-01-10,79,0,1,0,0,0,1,0,1,1,0,1,0,12,0.6,36.8,76.75,103,92,21,18
2020-01-11,89,1,0,0,0,0,1,0,1,0,1,1,0,12,17.3,31.8,77.75,103,103,21,20
2020-01-12,95,1,0,0,0,0,1,0,1,0,1,1,0,12,3.2,32.7,57.75,103,116,21,29
2020-01-13,106,0,1,0,0,0,1,0,1,0,1,1,0,12,0.0,31.6,68.25,100,108,32,27
2020-01-14,129,0,1,0,0,0,1,0,1,0,1,1,0,12,0.0,35.0,66.25,100,108,32,27
2020-01-15,106,0,1,0,0,0,1,0,1,0,1,1,0,12,0.0,35.0,73.0,100,108,32,27
2020-01-16,94,0,1,0,0,0,1,0,1,0,1,1,0,12,17.8,25.4,64.25,100,108,32,27
2020-01-17,121,0,1,0,0,0,1,0,1,0,1,1,0,12,0.0,27.1,62.0,100,108,32,27
2020-01-18,107,1,0,0,0,0,1,0,1,0,1,1,0,12,0.0,30.8,66.0,100,108,32,27
2020-01-19,109,1,0,0,0,0,1,0,1,0,1,1,0,12,0.0,34.4,67.0,100,108,32,27
2020-01-20,118,0,1,0,0,0,1,0,1,0,1,1,0,12,0.0,35.6,67.5,100,108,32,27
2020-01-21,91,0,1,0,0,0,1,0,1,0,1,1,0,12,0.0,31.0,81.5,100,108,32,27
2020-01-22,129,0,1,0,0,0,1,0,1,0,1,1,0,12,6.3,29.4,75.0,100,108,32,27
2020-01-23,116,0,1,0,0,0,1,0,1,0,1,1,0,12,0.0,28.2,74.25,100,108,32,27
2020-01-24,125,0,1,0,0,0,1,0,1,0,1,1,0,12,1.4,30.4,70.0,100,108,32,27
2020-01-25,136,1,0,0,0,0,1,0,1,0,1,1,0,12,0.0,32.0,57.0,100,108,32,27
2020-01-26,120,1,0,0,0,0,1,0,1,0,1,1,0,12,0.0,34.1,65.25,100,108,32,27
2020-01-27,101,0,1,0,0,0,1,0,1,0,1,1,0,12,0.0,33.2,82.0,100,108,32,27
2020-01-28,115,0,1,0,0,0,1,0,1,1,0,1,0,12,14.8,30.6,73.0,100,108,32,27
2020-01-29,126,0,1,0,0,0,1,0,1,1,0,1,0,12,0.0,27.5,81.5,100,108,32,27
2020-01-30,110,0,1,0,0,0,1,0,1,1,0,1,0,12,2.0,28.5,79.75,100,108,32,27
2020-01-31,117,0,1,0,0,0,1,0,1,1,0,1,0,12,6.3,30.3,82.5,100,108,32,27
2020-02-01,121,1,0,0,0,0,1,0,1,0,1,1,0,12,2.2,30.1,71.75,100,108,32,27
2020-02-02,139,1,0,0,0,0,1,0,1,0,1,1,0,12,0.0,33.0,71.25,100,92,32,36
2020-02-03,128,0,1,0,0,0,1,0,1,0,1,1,0,12,0.2,31.4,73.25,100,90,32,32
2020-02-04,118,0,1,0,0,0,1,0,1,0,1,1,0,12,0.0,33.0,70.75,96,93,21,26
2020-02-05,81,0,1,0,0,0,1,0,1,1,0,1,0,12,0.0,35.4,67.25,96,92,21,25
2020-02-06,120,0,1,0,0,0,1,0,1,1,0,1,0,12,0.0,36.8,69.25,96,103,21,18
2020-02-07,106,0,1,0,0,0,1,0,1,1,0,1,0,12,0.0,35.0,66.5,106,102,21,4
2020-02-08,143,1,0,0,0,0,1,0,1,1,0,1,0,12,0.0,36.4,74.25,106,124,21,26
2020-02-09,78,1,0,0,0,0,1,0,1,1,0,1,0,12,30.4,27.8,72.5,106,91,21,18
2020-02-10,105,0,1,0,0,0,1,0,1,1,0,1,0,12,0.0,27.3,73.75,103,92,21,18
2020-02-11,118,0,1,0,0,0,1,0,1,0,1,1,0,12,0.0,27.9,69.75,103,103,21,20
2020-02-12,137,0,1,0,0,0,1,0,1,0,1,1,0,12,0.0,29.5,71.75,103,116,21,29
2020-02-13,120,0,1,0,0,0,1,0,1,0,1,1,0,12,0.0,32.7,61.0,100,92,32,36
2020-02-14,126,0,1,0,0,0,1,0,1,0,1,1,0,12,0.0,30.8,62.75,100,92,32,36
2020-02-15,110,1,0,0,0,0,1,0,1,0,1,1,0,12,0.2,35.4,62.75,100,92,32,36
2020-02-16,106,1,0,0,0,0,1,0,1,0,1,1,0,12,0.0,37.4,61.5,100,92,32,36
2020-02-17,100,0,1,0,0,0,1,0,1,0,1,1,0,12,0.0,37.8,64.75,100,92,32,36
2020-02-18,87,0,1,0,0,0,1,0,1,0,1,1,0,12,0.6,34.0,79.0,100,92,32,36
2020-02-19,120,0,1,0,0,0,1,0,1,0,1,1,0,12,9.0,32.4,66.0,100,92,32,36
2020-02-20,110,0,1,0,1,0,0,0,1,0,1,1,0,12,0.0,30.5,67.25,100,92,32,36
2020-02-21,96,0,1,0,1,0,0,0,1,0,1,1,0,12,0.0,26.5,61.75,100,92,32,36
2020-02-22,79,1,0,0,1,0,0,0,1,0,1,1,0,12,0.0,25.4,63.0,100,92,32,36
2020-02-23,89,1,0,0,1,0,0,0,1,0,1,1,0,12,0.0,28.0,67.75,100,92,32,36
2020-02-26,86,0,1,0,0,1,0,0,1,0,1,1,0,12,40.6,26.0,70.5,100,92,32,36
2020-02-27,99,0,1,0,0,1,0,0,1,0,1,1,0,12,0.0,27.9,64.75,100,92,32,36
2020-02-28,105,0,1,0,0,0,1,0,1,1,0,1,0,13,0.0,30.6,64.75,100,92,32,36
2020-02-29,117,1,0,0,0,0,1,0,1,1,0,1,0,13,0.0,30.6,70.0,100,92,32,36
2020-03-01,87,1,0,0,0,0,1,0,1,0,1,0,1,13,0.0,30.8,68.0,100,108,32,27
2020-03-02,99,0,1,0,0,0,1,0,1,0,1,0,1,13,0.0,29.2,66.0,100,92,32,36
2020-03-04,98,0,1,0,0,0,1,0,1,0,1,0,1,13,0.0,29.7,67.0,96,93,21,26
2020-03-05,121,0,1,0,0,0,1,0,1,1,0,0,1,13,0.0,28.8,67.0,96,92,21,25
2020-03-06,108,0,1,0,0,0,1,0,1,1,0,0,1,13,0.0,29.8,70.0,96,103,21,18
